[
    {
        "file": "tf_nemesis.pcm",
        "name": "Sad Violin (the meme one)",
        "color": "#00ff33"
    },
    {
        "file": "emotional-damage-meme.pcm",
        "name": "Emotional Damage Meme",
        "color": "#E50000"
    },
    {
        "file": "error_CDOxCYm.pcm",
        "name": "Error SOUNDSS",
        "color": "#FF0000"
    },
    {
        "file": "meme-de-creditos-finales.pcm",
        "name": "Meme final",
        "color": "#FF0000"
    },
    {
        "file": "fart-meme-sound.pcm",
        "name": "Fart Meme Sound",
        "color": "#FF0000"
    },
    {
        "file": "tmp_7901-951678082.pcm",
        "name": "Death sound (Fortnite)",
        "color": "#FF008E"
    },
    {
        "file": "deja-vu.pcm",
        "name": "DEJA VU MEME",
        "color": "#FF0000"
    },
    {
        "file": "y2mate_5gbydy1.pcm",
        "name": "Scream meme",
        "color": "#FFFFFF"
    },
    {
        "file": "are-you-out-of-your-mind-greenscreen-change-quality-and-end-wont-cut-off_2.pcm",
        "name": "Meme",
        "color": "#FF0000"
    },
    {
        "file": "run-vine-sound-effect.pcm",
        "name": "RUN vine",
        "color": "#FF0000"
    },
    {
        "file": "yt1s_wU4BGgD.pcm",
        "name": "what da dog doin",
        "color": "#7169FF"
    },
    {
        "file": "outro-song_oqu8zAg.pcm",
        "name": "outro song",
        "color": "#FF0000"
    },
    {
        "file": "vine-boom-sound-effect_KT89XIq.pcm",
        "name": "instagram thud",
        "color": "#FF0000"
    },
    {
        "file": "gta-san-andreas-ah-shit-here-we-go-again_BWv0Gvc.pcm",
        "name": "\"Aw Shit! Here go again.\" CJ from GTA SA",
        "color": "#000000"
    },
    {
        "file": "my-movie-6_0RlWMvM.pcm",
        "name": "WIDE PUTIN MEME",
        "color": "#21FF64"
    },
    {
        "file": "they-ask-you-how-you-are-and-you-just-have-to-say-that-youre-fine-sound-effect_IgYM1CV.pcm",
        "name": "They ask you how you are meme",
        "color": "#FF0000"
    },
    {
        "file": "galaxy-meme.pcm",
        "name": "Galaxy meme",
        "color": "#194BFF"
    },
    {
        "file": "spiderman-meme-song.pcm",
        "name": "spiderman meme song",
        "color": "#FF0000"
    },
    {
        "file": "snore-mimimimimimi.pcm",
        "name": "*Snore* mimimimimimi",
        "color": "#ADFFFF"
    },
    {
        "file": "directed-by-robert-b_voI2Z4T.pcm",
        "name": "Directed by Robert B Weide",
        "color": "#7EFFA5"
    },
    {
        "file": "fbi-open-up_dwLhIFf.pcm",
        "name": "FBI OPEN UP (with explosion)",
        "color": "#FF0000"
    },
    {
        "file": "what-are-you-doing-in-my-swamp-.pcm",
        "name": "WHAT ARE YOU DOING IN MY SWAMP",
        "color": "#009900"
    },
    {
        "file": "fartmeme.pcm",
        "name": "Fart Meme Sound (Better and louder)",
        "color": "#925D34"
    },
    {
        "file": "among-us-role-reveal-sound.pcm",
        "name": "Among Us role reveal sound",
        "color": "#FF0000"
    },
    {
        "file": "y2mate-pcmcut_sRzY6rh.pcm",
        "name": "Coffin Dance Meme",
        "color": "#FF0000"
    },
    {
        "file": "nani-meme-sound-effect.pcm",
        "name": "Nani FULL",
        "color": "#FF0000"
    },
    {
        "file": "movie_1_C2K5NH0.pcm",
        "name": "Bruh meme",
        "color": "#FF0000"
    },
    {
        "file": "anime-wow-sound-effect-pcmcut.pcm",
        "name": "Wow Anime meme",
        "color": "#FF3C00"
    },
    {
        "file": "bing-chilling_fcdGgUc.pcm",
        "name": "bing chilling",
        "color": "#293886"
    },
    {
        "file": "punch-gaming-sound-effect-hd_RzlG1GE.pcm",
        "name": "Punch Sound",
        "color": "#2A8DFF"
    },
    {
        "file": "french-meme-song.pcm",
        "name": "French meme song",
        "color": "#3C25FF"
    },
    {
        "file": "ladies-and-gentlemen-we-got-him-song.pcm",
        "name": "We Got Him Meme Song Loud",
        "color": "#FF0000"
    },
    {
        "file": "jojos-bizarre-adventure-ay-ay-ay-ay-_-sound-effect.pcm",
        "name": "jojo - ayayay",
        "color": "#FFC53C"
    },
    {
        "file": "tmpbxydyrz3.pcm",
        "name": "Snoop Dogg meme",
        "color": "#00FF00"
    },
    {
        "file": "tmpq7mpzzl9.pcm",
        "name": "musica triste meme",
        "color": "#00FF00"
    },
    {
        "file": "ae-meme.pcm",
        "name": "\u00e6 meme",
        "color": "#B60000"
    }
]